{
  "project_info": {
    "project_number": "535817998443",
    "project_id": "cash-ec3ff",
    "storage_bucket": "cash-ec3ff.appspot.com"
  },
  "client": [
    {
      "client_info": {
        "mobilesdk_app_id": "1:535817998443:android:b283526958c747a992212e",
        "android_client_info": {
          "package_name": "com.user.njwallet"
        }
      },
      "oauth_client": [
        {
          "client_id": "535817998443-rfe0s8cg4dl9aa49vob8v6f0j4e3nc3q.apps.googleusercontent.com",
          "client_type": 3
        }
      ],
      "api_key": [
        {
          "current_key": "AIzaSyDXeqc5VcEMcrguzMjdL8WpR-p5hb-nxC8"
        }
      ],
      "services": {
        "appinvite_service": {
          "other_platform_oauth_client": [
            {
              "client_id": "535817998443-rfe0s8cg4dl9aa49vob8v6f0j4e3nc3q.apps.googleusercontent.com",
              "client_type": 3
            },
            {
              "client_id": "535817998443-l5vbuu1otcd7inq1198bm730hhsv89e3.apps.googleusercontent.com",
              "client_type": 2,
              "ios_info": {
                "bundle_id": "com.sixamtech.cash"
              }
            }
          ]
        }
      }
    },
    {
      "client_info": {
        "mobilesdk_app_id": "1:535817998443:android:72b63982aeb7a66992212e",
        "android_client_info": {
          "package_name": "com.u6amtech.six_cash"
        }
      },
      "oauth_client": [
        {
          "client_id": "535817998443-rfe0s8cg4dl9aa49vob8v6f0j4e3nc3q.apps.googleusercontent.com",
          "client_type": 3
        }
      ],
      "api_key": [
        {
          "current_key": "AIzaSyDXeqc5VcEMcrguzMjdL8WpR-p5hb-nxC8"
        }
      ],
      "services": {
        "appinvite_service": {
          "other_platform_oauth_client": [
            {
              "client_id": "535817998443-rfe0s8cg4dl9aa49vob8v6f0j4e3nc3q.apps.googleusercontent.com",
              "client_type": 3
            },
            {
              "client_id": "535817998443-l5vbuu1otcd7inq1198bm730hhsv89e3.apps.googleusercontent.com",
              "client_type": 2,
              "ios_info": {
                "bundle_id": "com.sixamtech.cash"
              }
            }
          ]
        }
      }
    },
    {
      "client_info": {
        "mobilesdk_app_id": "1:535817998443:android:97c598039780d30e92212e",
        "android_client_info": {
          "package_name": "com.u6amtech.six_cash_agent"
        }
      },
      "oauth_client": [
        {
          "client_id": "535817998443-rfe0s8cg4dl9aa49vob8v6f0j4e3nc3q.apps.googleusercontent.com",
          "client_type": 3
        }
      ],
      "api_key": [
        {
          "current_key": "AIzaSyDXeqc5VcEMcrguzMjdL8WpR-p5hb-nxC8"
        }
      ],
      "services": {
        "appinvite_service": {
          "other_platform_oauth_client": [
            {
              "client_id": "535817998443-rfe0s8cg4dl9aa49vob8v6f0j4e3nc3q.apps.googleusercontent.com",
              "client_type": 3
            },
            {
              "client_id": "535817998443-l5vbuu1otcd7inq1198bm730hhsv89e3.apps.googleusercontent.com",
              "client_type": 2,
              "ios_info": {
                "bundle_id": "com.sixamtech.cash"
              }
            }
          ]
        }
      }
    }
  ],
  "configuration_version": "1"
}